2.4986000061, 4.86
3.5020070076, 4.80
4.50146508217, 4.88
5.50480508804, 4.83
6.50843906403, 4.81
7.51192498207, 4.80
8.51121687889, 4.80
9.51473593712, 4.80
10.5181779861, 4.81
11.5176000595, 4.82
12.5210530758, 4.80
13.5242989063, 4.79
14.5278189182, 4.76
15.5272650719, 4.83
16.5307049751, 4.78
17.534291029, 4.81
18.5336830616, 4.83
19.5371069908, 4.79
20.5404660702, 4.81
21.5440759659, 4.82
22.5434479713, 4.80
23.5469789505, 4.78
24.5504119396, 4.81
25.5498640537, 4.78
26.5532460213, 4.76
27.5567510128, 4.81
28.5601699352, 4.79
29.5595989227, 4.77
30.5630619526, 4.81
31.5664789677, 4.75
32.5659379959, 4.78
33.5694029331, 4.81
34.5727910995, 4.79
35.5761270523, 4.75
36.5756878853, 4.77
37.579018116, 4.75
38.5825099945, 4.75
39.5819499493, 4.77
40.5855059624, 4.78
41.588807106, 4.76
42.5922920704, 4.77
43.5918650627, 4.74
44.595263958, 4.74
45.598678112, 4.74
46.5981440544, 4.77
47.6015911102, 4.74
48.6049599648, 4.75
49.6085259914, 4.73
50.6079630852, 4.78
51.6114120483, 4.77
52.6147379875, 4.76
53.6142649651, 4.75
54.6176850796, 4.76
55.6211709976, 4.75
56.6245939732, 4.74
57.6239869595, 4.74
58.6276099682, 4.77
59.6308729649, 4.74
60.6302669048, 4.74
61.6337380409, 4.73
62.6370859146, 4.78
63.6405789852, 4.73
64.6400129795, 4.71
65.6435220242, 4.76
66.646928072, 4.75
67.6464369297, 4.72
68.6499159336, 4.76
69.6534509659, 4.75
70.6568350792, 4.74
71.6561460495, 4.75
72.6597380638, 4.74
73.6632590294, 4.70
74.662676096, 4.73
75.6659240723, 4.71
76.6694970131, 4.76
77.6728229523, 4.73
78.6723890305, 4.76
79.6758289337, 4.70
80.6792171001, 4.71
81.6787118912, 4.73
82.6821250916, 4.73
83.6856479645, 4.72
84.6850171089, 4.73
85.6886160374, 4.72
86.6918358803, 4.71
87.6953818798, 4.71
88.6948039532, 4.74
89.6982390881, 4.72
90.7016940117, 4.72
91.701128006, 4.68
92.7045989037, 4.71
93.7080059052, 4.69
94.7114429474, 4.70
95.7108860016, 4.70
96.7142560482, 4.70
97.7178239822, 4.73
98.717261076, 4.70
99.7207229137, 4.71
100.72417593, 4.73
101.727591991, 4.69
102.727005959, 4.67
103.730448008, 4.69
104.734004021, 4.71
105.733342886, 4.74
106.73684597, 4.69
107.740328074, 4.69
108.743742943, 4.68
109.743179083, 4.70
110.746656895, 4.70
111.749887943, 4.68
112.74952507, 4.67
113.752933025, 4.69
114.756428957, 4.69
115.759882927, 4.70
116.759083033, 4.67
117.762775898, 4.69
118.766030073, 4.68
119.765539885, 4.69
120.768991947, 4.67
121.772461891, 4.68
122.775904894, 4.69
123.775387049, 4.68
124.778866053, 4.65
125.782171011, 4.66
126.781662941, 4.64
127.785209894, 4.66
128.788667917, 4.69
129.792073011, 4.68
130.791404963, 4.68
131.794835091, 4.63
132.798367977, 4.65
133.797875881, 4.64
134.801285028, 4.67
135.804758072, 4.66
136.808233976, 4.67
137.807589054, 4.66
138.811016083, 4.64
139.814429998, 4.64
140.813910007, 4.70
141.817403078, 4.65
142.820766926, 4.70
143.824249029, 4.68
144.82375598, 4.71
145.827135086, 4.64
146.830499887, 4.62
147.829911947, 4.67
148.833479881, 4.68
149.836926937, 4.67
150.840379953, 4.68
151.839740992, 4.65
152.843220949, 4.66
153.846759081, 4.66
154.846091032, 4.66
155.849560022, 4.66
156.853079081, 4.66
157.856586933, 4.67
158.855954885, 4.69
159.859376907, 4.65
160.862710953, 4.67
161.86225605, 4.66
162.865776062, 4.64
163.869221926, 4.66
164.872656107, 4.65
165.872040987, 4.62
166.87567091, 4.66
167.87894392, 4.62
168.87835598, 4.65
169.881823063, 4.62
170.885307074, 4.68
171.888674021, 4.62
172.888160944, 4.64
173.89163208, 4.63
174.895091057, 4.62
175.89447093, 4.62
176.897974014, 4.60
177.901302099, 4.63
178.904902935, 4.61
179.904164076, 4.63
180.907784939, 4.63
181.911160946, 4.64
182.910593987, 4.60
183.913916111, 4.63
184.917445898, 4.63
185.920831919, 4.63
186.920389891, 4.64
187.923855066, 4.65
188.927275896, 4.63
189.92673111, 4.63
190.930111885, 4.63
191.933666945, 4.60
192.936935902, 4.60
193.9365201, 4.60
194.939888, 4.63
195.943434, 4.66
196.942806959, 4.62
197.946278095, 4.59
198.949709892, 4.61
199.953099012, 4.61
200.952615023, 4.62
201.955919027, 4.64
202.959614992, 4.60
203.958831072, 4.60
204.962296963, 4.61
205.965827942, 4.60
206.969289064, 4.58
207.968657017, 4.61
208.972132921, 4.61
209.975579977, 4.64
210.975056887, 4.61
211.978497028, 4.59
212.981987, 4.61
213.985378981, 4.60
214.984839916, 4.61
215.988200903, 4.59
216.991731882, 4.63
217.995187998, 4.58
218.994688034, 4.62
219.998049974, 4.65
221.001445055, 4.61
222.000920057, 4.60
223.004503965, 4.62
224.007725, 4.58
225.011279106, 4.58
226.010715961, 4.60
227.01403594, 4.59
228.017544985, 4.65
229.016993999, 4.60
230.02055788, 4.58
231.024050951, 4.59
232.027430058, 4.58
233.026972055, 4.57
234.030303001, 4.57
235.033776045, 4.60
236.033207893, 4.59
237.036668062, 4.60
238.039994001, 4.59
239.043437004, 4.57
240.042923927, 4.59
241.046447992, 4.57
242.049819946, 4.58
243.04935503, 4.61
244.052768946, 4.56
245.056236029, 4.59
246.059741974, 4.57
247.059143066, 4.56
248.062527895, 4.59
249.065826893, 4.56
250.065634966, 4.59
251.068823099, 4.56
252.072417021, 4.55
253.075810909, 4.62
254.075215101, 4.57
255.078686953, 4.56
256.082246065, 4.56
257.081530094, 4.59
258.084970951, 4.55
259.08843708, 4.57
260.091849089, 4.56
261.09118104, 4.55
262.094830036, 4.56
263.098233938, 4.56
264.097640991, 4.59
265.101094961, 4.56
266.104613066, 4.61
267.104001045, 4.57
268.107429981, 4.56
269.110691071, 4.60
270.114315033, 4.54
271.113638878, 4.58
272.117228985, 4.57
273.120634079, 4.57
274.124063015, 4.56
275.123543978, 4.55
276.12697196, 4.53
277.130445957, 4.53
278.129780054, 4.57
279.133369923, 4.56
280.136806965, 4.57
281.136251926, 4.58
282.139647961, 4.54
283.143146038, 4.55
284.146601915, 4.52
285.145828962, 4.56
286.149493933, 4.56
287.152848005, 4.56
288.152291059, 4.56
289.15562892, 4.56
290.159235954, 4.52
291.162662983, 4.55
292.162158012, 4.54
293.165534973, 4.53
294.168862104, 4.58
295.168292046, 4.55
296.171842098, 4.56
297.175321102, 4.52
298.178836107, 4.54
299.178184032, 4.57
300.181716919, 4.51
301.185060024, 4.52
302.184591055, 4.53
303.188026905, 4.53
304.191406965, 4.53
305.194911003, 4.53
306.194564104, 4.53
307.197760105, 4.54
308.201227903, 4.50
309.200480938, 4.51
310.204076052, 4.54
311.207604885, 4.53
312.210916996, 4.52
313.210264921, 4.51
314.213685036, 4.54
315.217317104, 4.53
316.216675997, 4.56
317.220149994, 4.53
318.223623037, 4.54
319.227082968, 4.55
320.226488113, 4.54
321.230001926, 4.50
322.233443975, 4.54
323.232884884, 4.54
324.23633194, 4.52
325.239783049, 4.53
326.2432549, 4.54
327.242645025, 4.52
328.24613905, 4.51
329.249414921, 4.52
330.248868942, 4.56
331.252429962, 4.52
332.255901098, 4.52
333.259347916, 4.53
334.258810043, 4.51
335.262231112, 4.53
336.267544031, 4.50
337.265069008, 4.52
338.268426895, 4.54
339.272001028, 4.52
340.275490999, 4.52
341.274765968, 4.53
342.278156042, 4.52
343.28164196, 4.56
344.281147957, 4.50
345.284663916, 4.52
346.288094997, 4.52
347.29155302, 4.52
348.290977001, 4.51
349.294316053, 4.54
350.29786396, 4.51
351.29719305, 4.49
352.300604105, 4.55
353.304212093, 4.52
354.307746887, 4.52
355.307126045, 4.51
356.310569048, 4.51
357.313956976, 4.53
358.31339407, 4.49
359.316838026, 4.52
360.320343971, 4.51
361.323818922, 4.48
362.323142052, 4.49
363.326611996, 4.49
364.33010602, 4.52
365.3295331, 4.54
366.333102942, 4.53
367.336500883, 4.52
368.335927963, 4.53
369.339355946, 4.48
370.342799902, 4.49
371.346225023, 4.50
372.34552598, 4.48
373.349133968, 4.54
374.35255909, 4.52
375.351996899, 4.50
376.355478048, 4.48
377.358823061, 4.51
378.362302065, 4.50
379.361690998, 4.51
380.365281105, 4.52
381.368701935, 4.50
382.3680861, 4.49
383.371551037, 4.50
384.374973059, 4.47
385.378457069, 4.47
386.377840042, 4.49
387.381367922, 4.48
388.384728909, 4.52
389.384094, 4.48
390.387634039, 4.49
391.390945911, 4.47
392.394442081, 4.51
393.393996954, 4.50
394.397280931, 4.50
395.400882006, 4.52
396.400214911, 4.48
397.403774023, 4.49
398.407145977, 4.47
399.410501003, 4.47
400.410053968, 4.49
401.413422108, 4.49
402.417017937, 4.50
403.416320086, 4.48
404.419810057, 4.47
405.423271894, 4.50
406.426851034, 4.47
407.426294088, 4.48
408.429610014, 4.47
409.433031082, 4.50
410.432574987, 4.52
411.435918093, 4.49
412.439388037, 4.49
413.442779064, 4.45
414.442120075, 4.47
415.445615053, 4.48
416.449206114, 4.49
417.448519945, 4.49
418.451931, 4.50
419.455502987, 4.46
420.458937883, 4.47
421.458394051, 4.47
422.461894035, 4.49
423.465287924, 4.50
424.464653969, 4.49
425.468091011, 4.46
426.471642971, 4.47
427.475069046, 4.46
428.474437952, 4.46
429.477948904, 4.43
430.481405973, 4.48
431.480876923, 4.49
432.484283924, 4.48
433.487689018, 4.47
434.49117589, 4.48
435.490607023, 4.46
436.493983984, 4.47
437.497448921, 4.45
438.497004986, 4.49
439.500294924, 4.44
440.503868103, 4.45
441.507325888, 4.45
442.506676912, 4.44
443.510258913, 4.49
444.513669014, 4.45
445.513032913, 4.48
446.516375065, 4.46
447.519965887, 4.40
448.523354053, 4.45
449.52282691, 4.49
450.526357889, 4.42
451.529762983, 4.42
452.529069901, 4.41
453.532618046, 4.45
454.536015034, 4.42
455.539517879, 4.43
456.538888931, 4.44
457.542399883, 4.44
458.545706034, 4.44
459.545260906, 4.37
460.548715115, 4.38
461.552139997, 4.40
462.555610895, 4.42
463.554999113, 4.38
464.558466911, 4.39
465.561984062, 4.40
466.561419964, 4.35
467.564744949, 4.38
468.568305969, 4.41
469.571726084, 4.44
470.57119298, 4.42
471.57454896, 4.43
472.578093052, 4.38
473.577460051, 4.38
474.580975056, 4.40
475.584425926, 4.39
476.587869883, 4.38
477.587251902, 4.41
478.590773106, 4.43
479.594197989, 4.37
480.593605995, 4.37
481.5970819, 4.37
482.600462914, 4.39
483.60396409, 4.39
484.603276968, 4.44
485.606832027, 4.39
486.610274076, 4.34
487.60974288, 4.36
488.613095999, 4.40
489.61658597, 4.42
490.620071888, 4.39
491.619509935, 4.38
492.623002052, 4.38
493.626363039, 4.37
494.625818968, 4.38
495.629343987, 4.41
496.632674932, 4.41
497.636207104, 4.38
498.635653973, 4.42
499.63906908, 4.40
500.642519951, 4.45
501.641944885, 4.41
502.645421982, 4.38
503.648806095, 4.42
504.648272038, 4.44
505.651730061, 4.42
506.655239105, 4.40
507.658653975, 4.45
508.658061028, 4.44
509.661417007, 4.41
510.665038109, 4.43
511.664427042, 4.42
512.66780901, 4.38
513.671267986, 4.40
514.674669981, 4.43
515.674055099, 4.45
516.677624941, 4.45
517.681087017, 4.44
518.680458069, 4.45
519.683841944, 4.44
520.687339067, 4.41
521.690787077, 4.44
522.690201044, 4.44
523.69374299, 4.45
524.697272062, 4.47
525.69652009, 4.43
526.700109005, 4.46
527.703480005, 4.41
528.706971884, 4.43
529.706397057, 4.42
530.709856987, 4.46
531.713284016, 4.44
532.712698936, 4.46
533.716171026, 4.45
534.719624996, 4.43
535.723016977, 4.45
536.722450018, 4.43
537.725904942, 4.42
538.729274035, 4.45
539.728755951, 4.42
540.732342005, 4.42
541.735784054, 4.43
542.739197969, 4.46
543.738620043, 4.47
544.742086887, 4.43
545.745518923, 4.44
546.744906902, 4.43
547.748373032, 4.43
548.751810074, 4.43
549.75524497, 4.45
550.754647017, 4.46
551.758050919, 4.47
552.761482, 4.44
553.760940075, 4.42
554.764460087, 4.41
555.767827988, 4.43
556.771315098, 4.44
557.770869017, 4.43
558.774307013, 4.43
559.777618885, 4.42
560.777034044, 4.43
561.780534983, 4.45
562.784032106, 4.42
563.787482023, 4.41
564.786931038, 4.45
565.790481091, 4.42
566.793776035, 4.42
567.793306112, 4.42
568.796715021, 4.42
569.800091028, 4.45
570.803533077, 4.43
571.803050041, 4.46
572.806494951, 4.42
573.809921026, 4.41
574.809391975, 4.40
575.812899113, 4.47
576.816363096, 4.43
577.819739103, 4.44
578.819184065, 4.44
579.822602034, 4.43
580.826025963, 4.43
581.825490952, 4.40
582.828958035, 4.48
583.832398891, 4.42
584.835906029, 4.45
585.835222006, 4.43
586.838785887, 4.44
587.842137098, 4.46
588.841609001, 4.40
589.845071077, 4.42
590.848511934, 4.42
591.851986885, 4.40
592.851413965, 4.43
593.854760885, 4.42
594.858405113, 4.42
595.857697964, 4.40
596.861134052, 4.43
597.864568949, 4.46
598.868062019, 4.42
599.867486954, 4.47
600.870934963, 4.43
601.874331951, 4.43
602.873819113, 4.41
603.877290964, 4.40
604.880733013, 4.44
605.884252071, 4.45
606.883560896, 4.41
607.887108088, 4.40
608.890605927, 4.41
609.889938116, 4.45
610.893373966, 4.43
611.896816969, 4.40
612.90019989, 4.43
613.899708986, 4.45
614.903146029, 4.43
615.906586885, 4.41
616.905956984, 4.39
617.909427881, 4.41
618.91297698, 4.44
619.916359901, 4.40
620.915777922, 4.40
621.919296026, 4.42
622.922744036, 4.40
623.922163963, 4.45
624.92555809, 4.42
625.929053068, 4.41
626.928423882, 4.40
627.931924105, 4.41
628.935318947, 4.41
629.938837051, 4.37
630.93828392, 4.39
631.941694021, 4.43
632.945137024, 4.41
633.944526911, 4.42
634.948064089, 4.42
635.951371908, 4.42
636.954902887, 4.44
637.954329967, 4.41
638.957808971, 4.40
639.961253881, 4.39
640.960836887, 4.43
641.964231014, 4.40
642.96757102, 4.42
643.971039057, 4.39
644.97051096, 4.40
645.973994017, 4.43
646.977396011, 4.43
647.976815939, 4.40
648.980262995, 4.46
649.983628988, 4.42
650.987227917, 4.39
651.986633062, 4.42
652.990077019, 4.44
653.993520975, 4.40
654.992800951, 4.41
655.996381998, 4.40
656.999814987, 4.41
658.003262997, 4.41
659.002695084, 4.42
660.006138086, 4.38
661.009546041, 4.39
662.008963108, 4.38
663.012460947, 4.38
664.015996933, 4.44
665.019350052, 4.41
666.018785954, 4.43
667.022170067, 4.40
668.0256989, 4.41
669.025048018, 4.39
670.028601885, 4.42
671.031941891, 4.40
672.035474062, 4.43
673.034843922, 4.42
674.038414955, 4.39
675.041877031, 4.40
676.041368008, 4.41
677.044728041, 4.40
678.048230886, 4.39
679.051667929, 4.41
680.051094055, 4.37
681.054457903, 4.40
682.057950974, 4.43
683.057306051, 4.41
684.060841084, 4.38
685.06418395, 4.38
686.067743063, 4.39
687.067033052, 4.37
688.070616961, 4.40
689.073935986, 4.40
690.073522091, 4.37
691.076890945, 4.40
692.080413103, 4.37
693.083741903, 4.38
694.083203077, 4.38
695.08664608, 4.37
696.090152025, 4.40
697.089663029, 4.40
698.093013048, 4.36
699.096466064, 4.41
700.099955082, 4.38
701.099312067, 4.37
702.10272193, 4.36
703.106292009, 4.36
704.105710983, 4.40
705.109189987, 4.37
706.112596035, 4.40
707.11598897, 4.39
708.115545034, 4.40
709.118999958, 4.41
710.122474909, 4.42
711.121826887, 4.39
712.12511611, 4.37
713.128782988, 4.42
714.132124901, 4.36
715.131747007, 4.36
716.134921074, 4.40
717.138499975, 4.36
718.137820005, 4.37
719.141314983, 4.38
720.144844055, 4.39
721.14823103, 4.34
722.147692919, 4.38
723.151196003, 4.40
724.154577017, 4.40
725.153995037, 4.37
726.157541037, 4.39
727.160947084, 4.38
728.164452076, 4.38
729.163772106, 4.36
730.167273998, 4.40
731.170681953, 4.40
732.170164108, 4.42
733.173582077, 4.38
734.177052975, 4.35
735.180526018, 4.37
736.179909945, 4.36
737.183433056, 4.36
738.186800003, 4.34
739.186260939, 4.36
740.189656019, 4.39
741.193058968, 4.38
742.196578979, 4.41
743.196022034, 4.38
744.199495077, 4.42
745.203043938, 4.37
746.202382088, 4.37
747.205899954, 4.37
748.209311962, 4.39
749.212702036, 4.36
750.212085962, 4.37
751.215632915, 4.39
752.218956947, 4.35
753.218378067, 4.39
754.221940994, 4.35
755.225322962, 4.37
756.22467494, 4.36
757.228148937, 4.37
758.231578112, 4.39
759.235042095, 4.37
760.234486103, 4.37
761.237984896, 4.37
762.241445065, 4.36
763.240870953, 4.37
764.244282007, 4.35
765.247710943, 4.38
766.25116992, 4.37
767.250586033, 4.37
768.254108906, 4.35
769.257494926, 4.34
770.256901026, 4.34
771.26036191, 4.38
772.263868093, 4.36
773.267401934, 4.35
774.266788006, 4.39
775.270145893, 4.34
776.273600101, 4.34
777.273010969, 4.35
778.276482105, 4.36
779.27993989, 4.37
780.283371925, 4.36
781.282816887, 4.38
782.286257029, 4.40
783.289727926, 4.40
784.289093971, 4.37
785.292591095, 4.39
786.296214104, 4.40
787.299513102, 4.36
788.298990965, 4.37
789.302337885, 4.39
790.305820942, 4.33
791.305243015, 4.35
792.309174061, 4.36
793.312167883, 4.35
794.315572977, 4.34
795.315015078, 4.39
796.318511963, 4.36
797.321918011, 4.35
798.321360111, 4.38
799.324807882, 4.40
800.328245878, 4.35
801.331705093, 4.40
802.331152916, 4.36
803.334588051, 4.33
804.338057041, 4.37
805.337474108, 4.35
806.341073036, 4.35
807.344361067, 4.34
808.347877979, 4.40
809.347296, 4.35
810.350769997, 4.35
811.35413003, 4.36
812.353624105, 4.37
813.357002974, 4.37
814.360476017, 4.36
815.363953114, 4.35
816.36335206, 4.35
817.366823912, 4.33
818.370225906, 4.37
819.369800091, 4.39
820.373133898, 4.40
821.37658596, 4.33
822.380032063, 4.34
823.379456043, 4.38
824.382910013, 4.37
825.386360884, 4.36
826.385817051, 4.35
827.389266968, 4.33
828.392725945, 4.34
829.396312952, 4.32
830.395598888, 4.36
831.399156094, 4.34
832.402525902, 4.36
833.401910067, 4.37
834.405347109, 4.37
835.408801079, 4.36
836.412333965, 4.34
837.411712885, 4.35
838.415327072, 4.34
839.418601036, 4.35
840.41801095, 4.35
841.421530962, 4.36
842.425118923, 4.36
843.428385973, 4.35
844.42792511, 4.37
845.431438923, 4.34
846.434849024, 4.33
847.43415308, 4.34
848.437728882, 4.36
849.441113949, 4.35
850.444709063, 4.35
851.443924904, 4.33
852.447549105, 4.33
853.450802088, 4.32
854.45025897, 4.34
855.453705072, 4.32
856.45725894, 4.38
857.460624933, 4.34
858.460063934, 4.34
859.463680029, 4.33
860.46696496, 4.32
861.466341019, 4.35
862.469832897, 4.33
863.473279953, 4.32
864.476752996, 4.37
865.476161003, 4.33
866.479718924, 4.37
867.483056068, 4.34
868.482645988, 4.34
869.486044884, 4.39
870.489379883, 4.38
871.492835999, 4.33
872.492311001, 4.32
873.495784044, 4.36
874.499233007, 4.33
875.49871397, 4.30
876.502048016, 4.32
877.505554914, 4.35
878.508965015, 4.31
879.508555889, 4.34
880.511847973, 4.34
881.515367031, 4.35
882.514702082, 4.33
883.518145084, 4.34
884.521775961, 4.33
885.525043011, 4.34
886.524631977, 4.34
887.527935982, 4.34
888.531487942, 4.33
889.530782938, 4.32
890.534262896, 4.30
891.537674904, 4.35
892.541168928, 4.37
893.540594101, 4.32
894.544053078, 4.35
895.547506094, 4.34
896.546967983, 4.38
897.550395012, 4.33
898.553832054, 4.32
899.557282925, 4.35
900.556776047, 4.32
901.560143948, 4.34
902.563600063, 4.38
903.563039064, 4.34
904.566593885, 4.37
905.570162058, 4.37
906.573405027, 4.31
907.572963953, 4.36
908.576380014, 4.33
909.579866886, 4.35
910.579183102, 4.33
911.582602978, 4.34
912.58604002, 4.32
913.589535952, 4.37
914.589054108, 4.35
915.592370987, 4.32
916.595788002, 4.31
917.595243931, 4.36
918.598743916, 4.34
919.602164984, 4.33
920.605654001, 4.29
921.605006933, 4.34
922.608500004, 4.33
923.611926079, 4.34
924.611363888, 4.32
925.614804983, 4.33
926.618283033, 4.31
927.621707916, 4.35
928.621155977, 4.31
929.624655962, 4.40
930.628240108, 4.30
931.627536058, 4.33
932.630959034, 4.35
933.634455919, 4.30
934.63785696, 4.31
935.637466908, 4.31
936.640820026, 4.35
937.644294977, 4.36
938.643640995, 4.32
939.64703989, 4.38
940.650532007, 4.34
941.649996042, 4.31
942.653505087, 4.35
943.656826973, 4.32
944.660264969, 4.30
945.659763098, 4.32
946.663175106, 4.33
947.66674304, 4.32
948.670070887, 4.33
949.66949296, 4.39
950.673046112, 4.29
951.676511049, 4.31
952.676004887, 4.32
953.679454088, 4.35
954.682883024, 4.33
955.682245016, 4.35
956.685672998, 4.35
957.688857079, 4.32
958.692420959, 4.35
959.691641092, 4.33
960.694941998, 4.28
961.698329926, 4.30
962.697563887, 4.32
963.700984955, 4.31
964.704313993, 4.30
965.707607031, 4.34
966.707097054, 4.34
967.710484982, 4.35
968.713776112, 4.29
969.71311307, 4.33
970.716717958, 4.33
971.719985962, 4.36
972.723467112, 4.36
973.722809076, 4.31
974.726155996, 4.29
975.729525089, 4.29
976.728893995, 4.29
977.732423067, 4.32
978.735912085, 4.31
979.739357948, 4.33
980.738656044, 4.32
981.742055893, 4.29
982.745481968, 4.34
983.74486208, 4.29
984.748347998, 4.29
985.751797915, 4.32
986.755187035, 4.28
987.75467205, 4.30
988.758105993, 4.29
989.761533976, 4.33
990.760853052, 4.33
991.76437211, 4.31
992.767863035, 4.31
993.771090984, 4.32
994.770508051, 4.34
995.774056911, 4.34
996.777554035, 4.32
997.776932001, 4.32
998.780402899, 4.31
999.783857107, 4.31
1000.78723693, 4.29
1001.78670502, 4.30
1002.79014993, 4.28
1003.79360008, 4.32
1004.79297709, 4.34
1005.79637599, 4.31
1006.79985905, 4.34
1007.80329299, 4.30
1008.80267191, 4.29
1009.80604911, 4.32
1010.8094461, 4.32
1011.80890894, 4.35
1012.81243205, 4.32
1013.81592989, 4.31
1014.81939507, 4.29
1015.81888604, 4.30
1016.8227551, 4.30
1017.82560301, 4.31
1018.8250351, 4.30
1019.82858706, 4.31
1020.83196306, 4.27
1021.83551788, 4.28
1022.8349061, 4.28
1023.83829188, 4.31
1024.84172893, 4.33
1025.84107709, 4.34
1026.84457111, 4.33
1027.8481369, 4.30
1028.85159206, 4.29
1029.85105109, 4.29
1030.85450697, 4.28
1031.85789895, 4.31
1032.85735798, 4.30
1033.8606689, 4.35
1034.86425495, 4.30
1035.86752295, 4.32
1036.86714911, 4.28
1037.87056708, 4.32
1038.87399197, 4.36
1039.87334609, 4.28
1040.87674499, 4.31
1041.88030195, 4.32
1042.88378406, 4.26
1043.88311195, 4.28
1044.88669705, 4.29
1045.89011908, 4.30
1046.88955188, 4.29
1047.89303207, 4.31
1048.896492, 4.27
1049.89985299, 4.28
1050.89932895, 4.31
1051.9027009, 4.27
1052.90620804, 4.30
1053.90559101, 4.31
1054.90906692, 4.32
1055.91246009, 4.27
1056.91599703, 4.32
1057.91543007, 4.35
1058.91890693, 4.28
1059.92223406, 4.29
1060.92167211, 4.27
1061.92525697, 4.29
1062.92854404, 4.31
1063.93209505, 4.29
1064.93142605, 4.28
1065.93489408, 4.25
1066.93839097, 4.33
1067.93777299, 4.32
1068.94126606, 4.30
1069.94463611, 4.31
1070.94818211, 4.29
1071.94758391, 4.31
1072.95103002, 4.30
1073.95464396, 4.30
1074.95397496, 4.32
1075.95741701, 4.28
1076.96099305, 4.27
1077.96432996, 4.31
1078.96377611, 4.28
1079.96715999, 4.28
1080.97069192, 4.30
1081.97002292, 4.29
1082.97349811, 4.28
1083.97695899, 4.32
1084.98047495, 4.29
1085.97987604, 4.33
1086.98332691, 4.27
1087.98673892, 4.28
1088.98611903, 4.32
1089.98962593, 4.27
1090.99312997, 4.28
1091.99656105, 4.27
1092.99586201, 4.34
1093.99931693, 4.29
1095.00287199, 4.29
1096.00217199, 4.32
1097.00573397, 4.28
1098.00925303, 4.31
1099.01262307, 4.34
1100.01213503, 4.32
1101.01550889, 4.27
1102.01897311, 4.30
1103.01841402, 4.28
1104.02187109, 4.26
1105.02531195, 4.28
1106.02878499, 4.33
1107.02819109, 4.32
1108.03164291, 4.26
1109.03506303, 4.34
1110.03454304, 4.27
1111.03795004, 4.26
1112.04140306, 4.27
1113.04490304, 4.30
1114.04433703, 4.32
1115.04779196, 4.30
1116.05107307, 4.32
1117.05060005, 4.28
1118.05400896, 4.29
1119.05756092, 4.30
1120.06096005, 4.31
1121.06045294, 4.29
1122.06383491, 4.28
1123.06729293, 4.29
1124.06671309, 4.29
1125.07016802, 4.27
1126.07364893, 4.28
1127.07698894, 4.28
1128.0763669, 4.32
1129.07998705, 4.31
1130.08331108, 4.29
1131.08284092, 4.29
1132.08629894, 4.26
1133.08978796, 4.29
1134.09320498, 4.27
1135.092592, 4.29
1136.09601998, 4.27
1137.09948993, 4.28
1138.09894705, 4.28
1139.10233998, 4.27
1140.10585809, 4.28
1141.10927391, 4.28
1142.10872889, 4.28
1143.11211395, 4.29
1144.11553407, 4.30
1145.11503506, 4.31
1146.11846495, 4.29
1147.12188506, 4.28
1148.12531805, 4.27
1149.12485194, 4.31
1150.12832308, 4.30
1151.13166904, 4.26
1152.13109708, 4.34
1153.13464093, 4.30
1154.13802099, 4.26
1155.14146304, 4.28
1156.14095211, 4.30
1157.14426589, 4.25
1158.14784694, 4.30
1159.14717293, 4.28
1160.15080404, 4.27
1161.15416598, 4.29
1162.15767193, 4.27
1163.15703297, 4.33
1164.16047812, 4.29
1165.16394305, 4.30
1166.16338396, 4.27
1167.16686606, 4.30
1168.17027688, 4.30
1169.17371798, 4.27
1170.17308903, 4.28
1171.17659688, 4.24
1172.18000388, 4.27
1173.17938495, 4.27
1174.18293405, 4.28
1175.18637109, 4.27
1176.18573308, 4.28
1177.18929005, 4.26
1178.19271493, 4.27
1179.19607091, 4.27
1180.19544792, 4.28
1181.19892502, 4.25
1182.2024951, 4.25
1183.20192909, 4.26
1184.20528889, 4.26
1185.20866299, 4.25
1186.21225905, 4.31
1187.21171904, 4.29
1188.21511793, 4.26
1189.21869993, 4.28
1190.21805596, 4.26
1191.22150898, 4.30
1192.22490096, 4.27
1193.22828102, 4.27
1194.22786903, 4.30
1195.23127294, 4.26
1196.23474407, 4.27
1197.23408198, 4.29
1198.23752499, 4.24
1199.24107504, 4.24
1200.24445391, 4.23
1201.24386311, 4.27
1202.24739194, 4.28
1203.25086594, 4.28
1204.25020003, 4.32
1205.25365901, 4.25
1206.25711203, 4.29
1207.2606461, 4.31
1208.25999498, 4.26
1209.26342607, 4.27
1210.26698303, 4.25
1211.2663691, 4.31
1212.26976609, 4.27
1213.27327991, 4.27
1214.27671909, 4.25
1215.27610898, 4.26
1216.27962208, 4.30
1217.28304291, 4.27
1218.2865541, 4.26
1219.285918, 4.27
1220.28940511, 4.24
1221.2927711, 4.29
1222.29216909, 4.32
1223.29565811, 4.23
1224.29918599, 4.27
1225.30255103, 4.26
1226.30189705, 4.27
1227.30541801, 4.27
1228.30875993, 4.28
1229.30839109, 4.30
1230.31176305, 4.26
1231.31518507, 4.29
1232.3186779, 4.26
1233.31812096, 4.27
1234.32161093, 4.27
1235.3250289, 4.26
1236.32444096, 4.25
1237.32790303, 4.28
1238.33135891, 4.27
1239.33470988, 4.29
1240.33416796, 4.27
1241.33768296, 4.31
1242.34114194, 4.30
1243.34063792, 4.28
1244.34391904, 4.25
1245.34750891, 4.24
1246.35089993, 4.26
1247.350389, 4.27
1248.35370994, 4.27
1249.35718703, 4.26
1250.35660291, 4.26
1251.3601191, 4.28
1252.36357093, 4.26
1253.366997, 4.25
1254.3663969, 4.26
1255.36988711, 4.25
1256.37337804, 4.24
1257.37272906, 4.28
1258.37611508, 4.24
1259.37974596, 4.27
1260.38312602, 4.24
1261.38245106, 4.26
1262.38586807, 4.24
1263.38944697, 4.26
1264.388906, 4.26
1265.39231205, 4.24
1266.39579105, 4.29
1267.39923, 4.26
1268.39856696, 4.31
1269.40208507, 4.26
1270.40547204, 4.23
1271.404948, 4.25
1272.40852809, 4.25
1273.41187191, 4.32
1274.41537094, 4.26
1275.41469097, 4.25
1276.41813588, 4.30
1277.42162299, 4.25
1278.42094898, 4.26
1279.424546, 4.35
1280.42791796, 4.25
1281.43143201, 4.24
1282.43088698, 4.24
1283.43421698, 4.25
1284.43779302, 4.25
1285.4371419, 4.25
1286.440799, 4.27
1287.44409394, 4.24
1288.4475379, 4.26
1289.44695997, 4.24
1290.45047188, 4.25
1291.45380092, 4.23
1292.45325708, 4.25
1293.45662999, 4.23
1294.46019292, 4.28
1295.46356297, 4.25
1296.46306109, 4.29
1297.4665029, 4.24
1298.4699831, 4.25
1299.46934104, 4.27
1300.4729259, 4.26
1301.47629499, 4.28
1302.47976804, 4.25
1303.47914195, 4.30
1304.48268795, 4.25
1305.48609495, 4.29
1306.48548388, 4.27
1307.48891211, 4.23
1308.49240398, 4.26
1309.49181199, 4.25
1310.49548411, 4.25
1311.49872494, 4.25
1312.50218606, 4.31
1313.50168991, 4.25
1314.50510597, 4.29
1315.50849104, 4.23
1316.5119679, 4.24
1317.51140904, 4.25
1318.51480293, 4.28
1319.5183599, 4.25
1320.517766, 4.26
1321.52118707, 4.21
1322.52470899, 4.26
1323.52393293, 4.25
1324.52748489, 4.24
1325.53088093, 4.34
1326.53431797, 4.27
1327.53384709, 4.31
1328.53724694, 4.24
1329.54071999, 4.25
1330.54014301, 4.25
1331.54354906, 4.24
1332.54702091, 4.26
1333.55050397, 4.30
1334.54987097, 4.29
1335.55339909, 4.25
1336.55689502, 4.27
1337.55626607, 4.25
1338.5596261, 4.23
1339.56315494, 4.24
1340.56661797, 4.24
1341.56593394, 4.30
1342.56947994, 4.22
1343.57299399, 4.25
1344.5722661, 4.29
1345.57582593, 4.29
1346.57925105, 4.22
1347.5828259, 4.21
1348.58218098, 4.25
1349.58560705, 4.25
1350.58904696, 4.23
1351.59256196, 4.26
1352.59196711, 4.23
1353.59542394, 4.26
1354.59890795, 4.27
1355.59828401, 4.28
1356.60171795, 4.24
1357.60517097, 4.23
1358.60462403, 4.25
1359.60808897, 4.23
1360.61149001, 4.23
1361.6149981, 4.26
1362.61434102, 4.29
1363.61788893, 4.25
1364.62135196, 4.25
1365.62058592, 4.24
1366.62417698, 4.23
1367.627599, 4.24
1368.63108301, 4.27
1369.63049006, 4.23
1370.63391709, 4.26
1371.63729405, 4.25
1372.63668299, 4.27
1373.64026594, 4.24
1374.64374709, 4.25
1375.64716005, 4.22
1376.64654708, 4.25
1377.65004492, 4.28
1378.65354204, 4.29
1379.65290499, 4.23
1380.65638494, 4.27
1381.65974808, 4.24
1382.66332293, 4.25
1383.66264105, 4.26
1384.66617393, 4.26
1385.66950893, 4.22
1386.66914392, 4.27
1387.67249799, 4.24
1388.67604709, 4.26
1389.67943096, 4.26
1390.67884398, 4.24
1391.6822741, 4.28
1392.68568301, 4.27
1393.68508792, 4.25
1394.68849492, 4.21
1395.69202399, 4.22
1396.69551396, 4.27
1397.6948421, 4.26
1398.69844294, 4.27
1399.70187807, 4.26
1400.7011559, 4.26
1401.70466208, 4.21
1402.70812297, 4.29
1403.71160698, 4.22
1404.71099401, 4.29
1405.71448803, 4.26
1406.71794295, 4.23
1407.71734905, 4.21
1408.72072506, 4.23
1409.72430491, 4.23
1410.72773409, 4.22
1411.7271781, 4.22
1412.73075604, 4.25
1413.73387504, 4.29
1414.73343205, 4.26
1415.73696589, 4.23
1416.74038005, 4.24
1417.74384689, 4.23
1418.74315095, 4.30
1419.74670291, 4.27
1420.75015497, 4.29
1421.74960709, 4.22
1422.75298405, 4.23
1423.75648808, 4.27
1424.75990891, 4.22
1425.7593689, 4.24
1426.76281595, 4.22
1427.76625609, 4.20
1428.76568604, 4.23
1429.76904988, 4.24
1430.77255607, 4.22
1431.77595401, 4.23
1432.77549696, 4.22
1433.77892709, 4.24
1434.78235793, 4.27
1435.78586793, 4.26
1436.78522611, 4.23
1437.78868103, 4.26
1438.79210591, 4.25
1439.79155993, 4.24
1440.79500008, 4.21
1441.79847002, 4.25
1442.801826, 4.22
1443.80135489, 4.24
1444.8048811, 4.25
1445.80823898, 4.20
1446.80767488, 4.23
1447.81120491, 4.24
1448.81449103, 4.25
1449.81809592, 4.25
1450.81740594, 4.27
1451.82093191, 4.23
1452.82434702, 4.23
1453.82377505, 4.25
1454.8272481, 4.18
1455.83068895, 4.26
1456.83011007, 4.21
1457.83354902, 4.25
1458.83699608, 4.25
1459.84050608, 4.22
1460.83991194, 4.24
1461.84332299, 4.21
1462.84679604, 4.24
1463.8502841, 4.22
1464.84970808, 4.24
1465.85318089, 4.24
1466.8565731, 4.23
1467.85602903, 4.21
1468.85939503, 4.25
1469.86296105, 4.24
1470.86626792, 4.21
1471.86581802, 4.23
1472.8692441, 4.23
1473.87271905, 4.23
1474.87210298, 4.24
1475.8755579, 4.21
1476.87897992, 4.20
1477.88246894, 4.21
1478.88181591, 4.21
1479.8853879, 4.22
1480.88875294, 4.22
1481.88811588, 4.25
1482.89162493, 4.28
1483.89503002, 4.23
1484.89857793, 4.25
1485.8979671, 4.24
1486.901407, 4.21
1487.9048841, 4.22
1488.90431809, 4.25
1489.90781403, 4.24
1490.91124392, 4.24
1491.91455698, 4.22
1492.91415191, 4.25
1493.91748595, 4.25
1494.92105103, 4.20
1495.92042589, 4.26
1496.92377806, 4.25
1497.92723799, 4.20
1498.9306581, 4.24
1499.930197, 4.20
1500.93366003, 4.26
1501.93700194, 4.21
1502.936589, 4.24
1503.93996096, 4.20
1504.94333911, 4.24
1505.94687605, 4.22
1506.94626188, 4.20
1507.94963288, 4.25
1508.95321393, 4.24
1509.95268488, 4.23
1510.9559381, 4.23
1511.95945692, 4.21
1512.96297693, 4.23
1513.96240211, 4.20
1514.96581697, 4.23
1515.96926403, 4.23
1516.96872497, 4.25
1517.97211003, 4.27
1518.97558403, 4.21
1519.97915006, 4.27
1520.97855401, 4.25
1521.9819839, 4.25
1522.98533297, 4.21
1523.98490405, 4.21
1524.98830605, 4.19
1525.99176908, 4.25
1526.99522305, 4.23
1527.994663, 4.20
1528.99811792, 4.19
1530.0014739, 4.23
1531.00098205, 4.21
1532.00446892, 4.22
1533.00785708, 4.24
1534.01139498, 4.24
1535.01073694, 4.25
1536.01423693, 4.25
1537.01757789, 4.26
1538.01707006, 4.20
1539.02039194, 4.22
1540.02387905, 4.24
1541.02746606, 4.24
1542.02671099, 4.25
1543.03030109, 4.21
1544.03385997, 4.21
1545.03320694, 4.22
1546.0366509, 4.21
1547.04013395, 4.18
1548.04355311, 4.20
1549.0428071, 4.25
1550.04628491, 4.23
1551.04985905, 4.20
1552.0492909, 4.23
1553.05277991, 4.24
1554.05606508, 4.23
1555.05954289, 4.21
1556.05911708, 4.21
1557.06259608, 4.23
1558.06592202, 4.22
1559.06541896, 4.23
1560.06887102, 4.19
1561.07239294, 4.23
1562.07559896, 4.24
1563.07522607, 4.19
1564.07868195, 4.23
1565.08191204, 4.24
1566.08146906, 4.25
1567.08488703, 4.21
1568.08843207, 4.20
1569.09182906, 4.24
1570.09114099, 4.22
1571.09465408, 4.19
1572.09819889, 4.19
1573.09763193, 4.22
1574.10093093, 4.23
1575.10460401, 4.27
1576.10377789, 4.26
1577.10739398, 4.23
1578.11074209, 4.22
1579.11414409, 4.23
1580.11359096, 4.21
1581.11700702, 4.20
1582.12049794, 4.18
1583.11993408, 4.24
1584.12337208, 4.20
1585.12679291, 4.20
1586.13032293, 4.27
1587.12971997, 4.25
1588.13322711, 4.18
1589.13663888, 4.22
1590.136199, 4.22
1591.13952208, 4.24
1592.14293408, 4.19
1593.14646196, 4.24
1594.14592791, 4.23
1595.14944291, 4.20
1596.15269399, 4.18
1597.15225101, 4.25
1598.15555191, 4.19
1599.15911794, 4.19
1600.16248298, 4.19
1601.16197705, 4.21
1602.16538191, 4.21
1603.1689899, 4.21
1604.16835809, 4.24
1605.17176199, 4.18
1606.17514896, 4.22
1607.17862701, 4.24
1608.17807794, 4.18
1609.18148708, 4.21
1610.18504, 4.21
1611.18854189, 4.21
1612.18798208, 4.20
1613.19141006, 4.23
1614.19481301, 4.26
1615.194417, 4.21
1616.19776011, 4.18
1617.20127201, 4.19
1618.20058894, 4.22
1619.20408106, 4.22
1620.20751595, 4.22
1621.21097589, 4.23
1622.21045089, 4.20
1623.21385098, 4.22
1624.21731997, 4.20
1625.21671605, 4.22
1626.2201581, 4.22
1627.223557, 4.21
1628.22710705, 4.18
1629.22649503, 4.22
1630.22993708, 4.20
1631.2334311, 4.21
1632.23282909, 4.22
1633.23627806, 4.24
1634.23972607, 4.25
1635.24319506, 4.23
1636.24261808, 4.21
1637.24605703, 4.21
1638.24952698, 4.21
1639.2488451, 4.21
1640.25235391, 4.22
1641.25581598, 4.21
1642.259413, 4.22
1643.25873494, 4.22
1644.26223898, 4.20
1645.26566601, 4.23
1646.2648561, 4.23
1647.268507, 4.20
1648.27193689, 4.24
1649.27540207, 4.22
1650.27470899, 4.20
1651.27823997, 4.21
1652.28192401, 4.20
1653.2811749, 4.19
1654.28467488, 4.23
1655.28794599, 4.21
1656.29152298, 4.18
1657.29079103, 4.21
1658.29435897, 4.22
1659.29781103, 4.20
1660.29726601, 4.17
1661.30068398, 4.20
1662.30405092, 4.21
1663.30753493, 4.23
1664.30701303, 4.18
1665.31054401, 4.18
1666.31394792, 4.30
1667.31333399, 4.19
1668.31679797, 4.22
1669.32025909, 4.22
1670.32360506, 4.19
1671.32312202, 4.21
1672.32662511, 4.18
1673.32994795, 4.17
1674.32944489, 4.19
1675.33294892, 4.24
1676.33643389, 4.18
1677.33996797, 4.19
1678.3392179, 4.18
1679.34282708, 4.21
1680.34595609, 4.18
1681.34555006, 4.23
1682.34906888, 4.22
1683.35251093, 4.21
1684.35577893, 4.20
1685.35538292, 4.20
1686.35880709, 4.18
1687.36231589, 4.23
1688.36168098, 4.23
1689.36514807, 4.23
1690.36848307, 4.20
1691.37191296, 4.21
1692.37149501, 4.17
1693.37492704, 4.18
1694.37845802, 4.23
1695.37779498, 4.18
1696.38125205, 4.17
1697.38474798, 4.21
1698.38818002, 4.19
1699.38760495, 4.20
1700.39114904, 4.17
1701.39452004, 4.20
1702.3939209, 4.17
1703.39736009, 4.22
1704.40069103, 4.21
1705.40427804, 4.22
1706.40359688, 4.20
1707.40703106, 4.21
1708.41067505, 4.23
1709.41005111, 4.18
1710.41338205, 4.18
1711.41697788, 4.19
1712.4203701, 4.20
1713.41982102, 4.21
1714.42324495, 4.20
1715.42659688, 4.19
1716.42604995, 4.20
1717.42959189, 4.20
1718.43296695, 4.17
1719.43651104, 4.17
1720.43584204, 4.19
1721.43933511, 4.19
1722.44273806, 4.20
1723.44225788, 4.25
1724.44566798, 4.22
1725.44913411, 4.19
1726.45255804, 4.21
1727.45206308, 4.20
1728.45548201, 4.21
1729.45900297, 4.23
1730.45838809, 4.20
1731.46175694, 4.18
1732.46526909, 4.19
1733.46869206, 4.20
1734.46810794, 4.21
1735.47162199, 4.17
1736.475034, 4.19
1737.47447991, 4.20
1738.47783208, 4.17
1739.48124003, 4.20
1740.48463798, 4.18
1741.48428392, 4.25
1742.48770189, 4.21
1743.49117708, 4.17
1744.49046111, 4.16
1745.49399996, 4.19
1746.497334, 4.20
1747.50100899, 4.19
1748.50041103, 4.22
1749.5038259, 4.20
1750.5073359, 4.19
1751.50672293, 4.18
1752.50999498, 4.18
1753.51349092, 4.16
1754.51692009, 4.19
1755.51648402, 4.18
1756.51984406, 4.19
1757.52326298, 4.18
1758.52265692, 4.18
1759.52629995, 4.17
1760.52985597, 4.17
1761.5331049, 4.22
1762.53253889, 4.19
1763.53600311, 4.16
1764.53951406, 4.16
1765.53881311, 4.17
1766.54229689, 4.19
1767.54579711, 4.16
1768.5493331, 4.19
1769.548733, 4.20
1770.55204511, 4.21
1771.55573511, 4.18
1772.55490303, 4.18
1773.55844307, 4.17
1774.561939, 4.18
1775.56534696, 4.21
1776.56489491, 4.21
1777.56831908, 4.16
1778.57160997, 4.17
1779.5712471, 4.19
1780.57458591, 4.23
1781.57820392, 4.22
1782.58146596, 4.19
1783.58093596, 4.19
1784.58425808, 4.26
1785.58768201, 4.21
1786.58722305, 4.18
1787.59074306, 4.16
1788.59407902, 4.24
1789.59768891, 4.17
1790.59695911, 4.19
1791.60049391, 4.20
1792.60382295, 4.16
1793.60736895, 4.18
1794.60668302, 4.17
1795.61023808, 4.16
1796.61364794, 4.22
1797.61313009, 4.20
1798.61642504, 4.17
1799.6200521, 4.20
1800.62340999, 4.20
1801.62288499, 4.17
1802.62633896, 4.18
1803.6296339, 4.21
1804.62918711, 4.18
1805.63260603, 4.17
1806.63612795, 4.17
1807.63976002, 4.19
1808.63880992, 4.18
1809.64245105, 4.19
1810.64579701, 4.16
1811.64533591, 4.17
1812.64872909, 4.17
1813.65222311, 4.18
1814.65554309, 4.16
1815.65510893, 4.16
1816.65848088, 4.19
1817.66209888, 4.18
1818.66140199, 4.20
1819.6649251, 4.16
1820.668396, 4.23
1821.67182207, 4.23
1822.67126107, 4.17
1823.67453408, 4.19
1824.67801809, 4.20
1825.67754388, 4.19
1826.68100309, 4.16
1827.68452311, 4.18
1828.68796396, 4.16
1829.68732691, 4.15
1830.6908381, 4.18
1831.69424891, 4.20
1832.69372702, 4.17
1833.69709396, 4.20
1834.70057702, 4.20
1835.70395398, 4.23
1836.70343494, 4.17
1837.7068069, 4.16
1838.71019697, 4.20
1839.70990491, 4.23
1840.71328592, 4.16
1841.71666598, 4.18
1842.72005606, 4.16
1843.71963191, 4.18
1844.72300291, 4.16
1845.72643304, 4.18
1846.72589302, 4.16
1847.72930002, 4.18
1848.73264098, 4.15
1849.73628402, 4.18
1850.73558092, 4.17
1851.73908091, 4.16
1852.7424829, 4.21
1853.74191499, 4.22
1854.74552703, 4.16
1855.74879789, 4.20
1856.75222898, 4.17
1857.75162601, 4.17
1858.75514388, 4.20
1859.7586441, 4.16
1860.75795102, 4.16
1861.7614491, 4.20
1862.76491594, 4.20
1863.76848412, 4.17
1864.76791501, 4.17
1865.77135706, 4.16
1866.77480507, 4.16
1867.77415705, 4.20
1868.77758002, 4.16
1869.781039, 4.15
1870.78452992, 4.14
1871.78399897, 4.18
1872.78746104, 4.18
1873.79085207, 4.17
1874.79025698, 4.21
1875.79367709, 4.18
1876.79722595, 4.15
1877.80054903, 4.16
1878.80003905, 4.17
1879.80367088, 4.20
1880.80681396, 4.18
1881.80639696, 4.17
1882.80990005, 4.16
1883.81324792, 4.17
1884.81679893, 4.17
1885.81610799, 4.15
1886.81956697, 4.19
1887.82298994, 4.19
1888.82247591, 4.16
1889.82594991, 4.20
1890.82943201, 4.16
1891.83288503, 4.18
1892.83229089, 4.14
1893.83575892, 4.16
1894.83913207, 4.18
1895.83860397, 4.18
1896.84193206, 4.16
1897.84556293, 4.20
1898.84893394, 4.18
1899.8483839, 4.14
1900.85185099, 4.16
1901.85531998, 4.17
1902.85460305, 4.14
1903.85818601, 4.16
1904.86154509, 4.14
1905.86500907, 4.19
1906.86453009, 4.18
1907.86785293, 4.16
1908.87143302, 4.16
1909.87082911, 4.18
1910.87429905, 4.17
1911.87767911, 4.18
1912.88111496, 4.16
1913.88061905, 4.17
1914.88393593, 4.18
1915.88741589, 4.14
1916.88684607, 4.19
1917.89030004, 4.17
1918.89394307, 4.20
1919.89730811, 4.15
1920.89673591, 4.15
1921.9000659, 4.16
1922.90349388, 4.18
1923.90314198, 4.18
1924.90666008, 4.14
1925.90988302, 4.17
1926.9134469, 4.20
1927.91273594, 4.17
1928.91637301, 4.19
1929.9196589, 4.16
1930.91932106, 4.16
1931.92276907, 4.14
1932.92608309, 4.18
1933.92954993, 4.19
1934.92889309, 4.17
1935.93246007, 4.16
1936.93579602, 4.14
1937.935256, 4.15
1938.93862796, 4.17
1939.94221902, 4.13
1940.94558406, 4.15
1941.94520998, 4.14
1942.94841909, 4.20
1943.95188498, 4.18
1944.95126009, 4.17
1945.95490694, 4.18
1946.95830297, 4.16
1947.96160007, 4.13
1948.96102691, 4.15
1949.96467209, 4.14
1950.96807098, 4.17
1951.96747494, 4.14
1952.97100592, 4.21
1953.97433591, 4.14
1954.9779079, 4.18
1955.97725105, 4.15
1956.98077297, 4.14
1957.98414207, 4.16
1958.98364592, 4.18
1959.98733807, 4.19
1960.99040008, 4.17
1961.99416208, 4.14
1962.99335194, 4.16
1963.99678802, 4.15
1965.0002141, 4.15
1965.9998951, 4.18
1967.00313401, 4.17
1968.00671196, 4.15
1969.00998998, 4.18
1970.00938606, 4.16
1971.01286602, 4.16
1972.01631904, 4.17
1973.01570201, 4.15
1974.01925302, 4.17
1975.02271605, 4.15
1976.02610302, 4.17
1977.0255971, 4.16
1978.02903199, 4.15
1979.0324049, 4.16
1980.03189206, 4.17
1981.0352869, 4.13
1982.03881907, 4.19
1983.04238605, 4.17
1984.041574, 4.18
1985.04513192, 4.15
1986.04853511, 4.16
1987.04814792, 4.16
1988.05140591, 4.16
1989.05489993, 4.15
1990.05833697, 4.20
1991.05775309, 4.15
1992.06117606, 4.18
1993.06477094, 4.14
1994.06415105, 4.15
1995.067451, 4.15
1996.07099795, 4.17
1997.07452798, 4.18
1998.07385492, 4.17
1999.0773139, 4.15
2000.08079791, 4.21
2001.08013105, 4.15
2002.08386493, 4.17
2003.08705711, 4.16
2004.09047699, 4.15
2005.09004092, 4.17
2006.0933919, 4.15
2007.09685302, 4.14
2008.09627104, 4.14
2009.09974694, 4.13
2010.10325289, 4.13
2011.1067009, 4.16
2012.10601211, 4.15
2013.10939407, 4.19
2014.11301398, 4.15
2015.11241698, 4.13
2016.11594796, 4.16
2017.1193161, 4.18
2018.12292004, 4.12
2019.12223601, 4.12
2020.12562203, 4.14
2021.12917209, 4.17
2022.12848401, 4.19
2023.13210511, 4.16
2024.13540411, 4.13
2025.13879895, 4.12
2026.13836193, 4.13
2027.14165902, 4.18
2028.1451509, 4.15
2029.14455199, 4.15
2030.14825988, 4.16
2031.15145111, 4.14
2032.15499496, 4.15
2033.15432501, 4.13
2034.15786195, 4.13
2035.16130304, 4.16
2036.16069007, 4.16
2037.16413808, 4.19
2038.16753793, 4.14
2039.17111897, 4.12
2040.17052507, 4.13
2041.17388892, 4.17
2042.17744589, 4.13
2043.17689705, 4.14
2044.18050003, 4.15
2045.18385696, 4.15
2046.18741488, 4.17
2047.18664408, 4.16
2048.19007397, 4.17
2049.19352698, 4.12
2050.19292903, 4.14
2051.19637299, 4.14
2052.199898, 4.16
2053.20319796, 4.16
2054.20283508, 4.14
2055.20620298, 4.18
2056.20957899, 4.15
2057.20899606, 4.11
2058.212538, 4.13
2059.21593499, 4.14
2060.21938896, 4.20
2061.21877909, 4.12
2062.22228408, 4.15
2063.22558308, 4.12
2064.22490811, 4.16
2065.22825503, 4.14
2066.23164201, 4.15
2067.23491788, 4.16
2068.23429298, 4.17
2069.23766804, 4.16
2070.24081111, 4.16
2071.240309, 4.13
2072.24379396, 4.12
2073.24704695, 4.13
2074.25042796, 4.17
2075.24976611, 4.15
2076.25320697, 4.17
2077.256567, 4.15
2078.25589395, 4.14
2079.25923395, 4.11
2080.26282001, 4.12
2081.26608109, 4.17
2082.26558805, 4.14
2083.268929, 4.13
2084.27237606, 4.11
2085.27177501, 4.14
2086.27513695, 4.12
2087.27854609, 4.15
2088.28204107, 4.16
2089.28130698, 4.13
2090.28481889, 4.12
2091.28818393, 4.15
2092.28754306, 4.14
2093.291008, 4.16
2094.29448509, 4.11
2095.29793811, 4.15
2096.29750204, 4.12
2097.30082011, 4.13
2098.30431604, 4.13
2099.30360007, 4.11
2100.30707288, 4.12
2101.31051707, 4.16
2102.31394792, 4.11
2103.31332207, 4.11
2104.31680202, 4.16
2105.32034492, 4.15
2106.31976008, 4.12
2107.32314205, 4.19
2108.32669997, 4.16
2109.33009291, 4.17
2110.32936811, 4.14
2111.33294201, 4.17
2112.33628607, 4.15
2113.33578205, 4.16
2114.33930707, 4.14
2115.34258294, 4.13
2116.34602094, 4.13
2117.34551597, 4.17
2118.34905291, 4.12
2119.35237598, 4.13
2120.35215712, 4.11
2121.35534501, 4.15
2122.35897803, 4.12
2123.36234498, 4.15
2124.36148906, 4.14
2125.36496091, 4.14
2126.36851501, 4.15
2127.36786199, 4.12
2128.37129688, 4.15
2129.37478995, 4.15
2130.37842798, 4.16
2131.37782907, 4.15
2132.38129091, 4.12
2133.38456893, 4.17
2134.38414311, 4.14
2135.38748789, 4.15
2136.39085197, 4.13
2137.3943181, 4.16
2138.393713, 4.12
2139.39721894, 4.14
2140.40068102, 4.16
2141.4001081, 4.13
2142.40357399, 4.10
2143.40703106, 4.14
2144.41037488, 4.15
2145.40981603, 4.13
2146.41324401, 4.15
2147.41664696, 4.16
2148.41646099, 4.10
2149.41973209, 4.14
2150.42303896, 4.10
2151.42647505, 4.14
2152.42591691, 4.13
2153.42930508, 4.14
2154.43297791, 4.10
2155.43234992, 4.16
2156.43568707, 4.13
2157.43924403, 4.10
2158.44255805, 4.12
2159.44201589, 4.12
2160.44570589, 4.12
2161.44898701, 4.13
2162.44849396, 4.16
2163.45197201, 4.10
2164.45534992, 4.12
2165.45871091, 4.11
2166.45825911, 4.12
2167.46157598, 4.13
2168.46512008, 4.14
2169.46450996, 4.14
2170.46803093, 4.12
2171.47150207, 4.17
2172.47474599, 4.14
2173.47437596, 4.10
2174.47770596, 4.09
2175.481251, 4.18
2176.480721, 4.16
2177.48406005, 4.12
2178.48750496, 4.15
2179.49096203, 4.12
2180.4904449, 4.11
2181.49382305, 4.14
2182.49733901, 4.11
2183.49669504, 4.17
2184.50021696, 4.14
2185.50366211, 4.13
2186.50715804, 4.10
2187.50636101, 4.15
2188.51009011, 4.14
2189.51340508, 4.13
2190.51276398, 4.12
2191.5162859, 4.12
2192.51974988, 4.16
2193.52325511, 4.11
2194.52258301, 4.12
2195.52603698, 4.15
2196.52946091, 4.14
2197.52893209, 4.12
2198.53231502, 4.14
2199.53570509, 4.10
2200.53925896, 4.12
2201.53866005, 4.14
2202.54221201, 4.14
2203.54569697, 4.11
2204.54494309, 4.12
2205.54849601, 4.14
2206.55221295, 4.13
2207.55539393, 4.14
2208.55482292, 4.10
2209.55825591, 4.15
2210.56174111, 4.12
2211.56126499, 4.15
2212.56483603, 4.09
2213.56805611, 4.15
2214.57154799, 4.13
2215.57097888, 4.10
2216.57427001, 4.14
2217.57785988, 4.12
2218.57725811, 4.12
2219.58062506, 4.14
2220.58441997, 4.14
2221.58756208, 4.10
2222.58705902, 4.13
2223.59050202, 4.14
2224.59391904, 4.11
2225.59341598, 4.15
2226.59675097, 4.12
2227.60035801, 4.12
2228.60365796, 4.13
2229.60306191, 4.13
2230.60650611, 4.14
2231.61000991, 4.09
2232.60942698, 4.12
2233.61291409, 4.12
2234.61628199, 4.12
2235.61971903, 4.12
2236.61925793, 4.12
2237.62281489, 4.10
2238.62602711, 4.11
2239.62558007, 4.10
2240.62910891, 4.17
2241.63241601, 4.12
2242.63590503, 4.11
2243.63541198, 4.11
2244.6388731, 4.15
2245.6422019, 4.10
2246.64168191, 4.11
2247.64516902, 4.09
2248.64843893, 4.11
2249.65199304, 4.10
2250.65141988, 4.14
2251.65491509, 4.18
2252.6583271, 4.12
2253.65773296, 4.10
2254.66113901, 4.12
2255.66469407, 4.08
2256.66820598, 4.10
2257.66749406, 4.15
2258.67091608, 4.11
2259.67445493, 4.10
2260.67375898, 4.14
2261.67778993, 4.11
2262.68080306, 4.14
2263.68435407, 4.10
2264.68356991, 4.12
2265.68722105, 4.13
2266.69045997, 4.10
2267.69000101, 4.13
2268.69343805, 4.14
2269.69690609, 4.10
2270.70035696, 4.13
2271.69979095, 4.10
2272.70338511, 4.11
2273.70673704, 4.16
2274.70614409, 4.12
2275.70944905, 4.13
2276.71303296, 4.11
2277.71634007, 4.08
2278.7159059, 4.15
2279.71934104, 4.10
2280.72277188, 4.13
2281.72219706, 4.10
2282.72561789, 4.10
2283.72913003, 4.13
2284.73254108, 4.13
2285.73190999, 4.10
2286.73527694, 4.12
2287.73871803, 4.09
2288.73829699, 4.10
2289.74178004, 4.12
2290.74513698, 4.11
2291.74874401, 4.09
2292.7481029, 4.15
2293.75159192, 4.11
2294.7548821, 4.11
2295.75435996, 4.10
2296.75788689, 4.10
2297.76126194, 4.07
2298.76472712, 4.12
2299.76426506, 4.11
2300.76762009, 4.12
2301.77097797, 4.10
2302.77038097, 4.13
2303.774019, 4.11
2304.77744293, 4.10
2305.78086805, 4.10
2306.78038311, 4.09
2307.78376603, 4.13
2308.78720307, 4.11
2309.78653288, 4.11
2310.7899611, 4.10
2311.79357195, 4.10
2312.79690194, 4.11
2313.79624605, 4.10
2314.79974604, 4.13
2315.80330205, 4.12
2316.80264807, 4.12
2317.80606508, 4.08
2318.80972004, 4.09
2319.81310892, 4.08
2320.81245708, 4.07
2321.81595111, 4.10
2322.81933403, 4.12
2323.81893706, 4.12
2324.822294, 4.07
2325.82571101, 4.09
2326.82919407, 4.13
2327.828619, 4.08
2328.83206606, 4.08
2329.83546901, 4.07
2330.83505106, 4.11
2331.83844805, 4.10
2332.84187007, 4.10
2333.84525895, 4.08
2334.84476399, 4.09
2335.84816504, 4.16
2336.85159993, 4.07
2337.85097194, 4.12
2338.85434198, 4.08
2339.85798788, 4.10
2340.86154604, 4.14
2341.86071706, 4.10
2342.86428809, 4.12
2343.86773705, 4.09
2344.86714411, 4.10
2345.87067389, 4.08
2346.87406111, 4.12
2347.877388, 4.10
2348.87695098, 4.13
2349.8803699, 4.10
2350.88386488, 4.10
2351.88327289, 4.10
2352.88674402, 4.08
2353.89012694, 4.12
2354.89361405, 4.11
2355.89317608, 4.08
2356.89652801, 4.11
2357.89979291, 4.10
2358.89955497, 4.07
2359.90269995, 4.08
2360.90613389, 4.13
2361.90969706, 4.13
2362.90909696, 4.10
2363.91257191, 4.07
2364.91604805, 4.08
2365.91545105, 4.08
2366.91893601, 4.09
2367.92239094, 4.11
2368.92180991, 4.07
2369.92508006, 4.09
2370.92864299, 4.07
2371.93198705, 4.09
2372.93152094, 4.09
2373.93505001, 4.08
2374.93853211, 4.08
2375.93774605, 4.14
2376.94144297, 4.07
2377.94478703, 4.07
2378.94822311, 4.08
2379.94765902, 4.14
2380.95103598, 4.09
2381.95459199, 4.08
2382.95388889, 4.10
2383.95749211, 4.09
2384.96083498, 4.10
2385.96426105, 4.08
2386.9636991, 4.15
2387.96726394, 4.09
2388.97071409, 4.08
2389.97000289, 4.11
2390.973454, 4.16
2391.97704697, 4.10
2392.98039794, 4.09
2393.97981, 4.09
2394.98323703, 4.09
2395.98663807, 4.09
2396.98621011, 4.11
2397.98969007, 4.08
2398.99307489, 4.09
2399.996557, 4.13
2400.99598289, 4.08
2401.99929404, 4.08
2403.00274801, 4.06
2404.002352, 4.08
2405.005615, 4.09
2406.00908494, 4.09
2407.01250911, 4.10
2408.01201606, 4.13
2409.0154779, 4.07
2410.01896811, 4.07
2411.01849294, 4.06
2412.02184296, 4.07
2413.02536607, 4.05
2414.02876592, 4.11
2415.028157, 4.12
2416.03163409, 4.10
2417.03506494, 4.09
2418.03453708, 4.10
2419.037956, 4.10
2420.04127598, 4.18
2421.04481792, 4.07
2422.0442059, 4.07
2423.047719, 4.13
2424.05130696, 4.09
2425.05053711, 4.10
2426.05397606, 4.08
2427.05755997, 4.09
2428.0609591, 4.11
2429.06034207, 4.14
2430.06378508, 4.10
2431.06722689, 4.07
2432.06697297, 4.09
2433.070189, 4.07
2434.07358599, 4.09
2435.0769949, 4.06
2436.07655001, 4.06
2437.07986689, 4.08
2438.08345699, 4.07
2439.08285999, 4.07
2440.08627009, 4.08
2441.08975697, 4.09
2442.09320307, 4.11
2443.09259009, 4.09
2444.09599209, 4.07
2445.09949088, 4.07
2446.09895706, 4.09
2447.10239506, 4.07
2448.10574889, 4.08
2449.10916305, 4.09
2450.10874605, 4.09
2451.1123209, 4.09
2452.11556911, 4.07
2453.1149931, 4.11
2454.11844301, 4.08
2455.12194896, 4.09
2456.12537408, 4.09
2457.12479591, 4.12
2458.12827992, 4.06
2459.13158798, 4.06
2460.13119602, 4.07
2461.13461494, 4.09
2462.13811707, 4.09
2463.14151311, 4.08
2464.1408751, 4.07
2465.14448404, 4.11
2466.14775205, 4.07
2467.14742708, 4.07
2468.15070391, 4.05
2469.1541481, 4.08
2470.15754795, 4.06
2471.15719891, 4.11
2472.16046596, 4.10
2473.16400099, 4.10
2474.1634109, 4.06
2475.16693902, 4.06
2476.17017007, 4.05
2477.17363596, 4.05
2478.17315102, 4.09
2479.17673588, 4.09
2480.18002892, 4.09
2481.17938995, 4.08
2482.18280506, 4.10
2483.18639493, 4.07
2484.18971491, 4.07
2485.18919396, 4.06
2486.19268799, 4.14
2487.19611001, 4.05
2488.19552803, 4.07
2489.1991179, 4.07
2490.20248008, 4.10
2491.20585203, 4.09
2492.20540094, 4.08
2493.20889401, 4.10
2494.21235394, 4.08
2495.21178603, 4.07
2496.21504688, 4.09
2497.21866393, 4.09
2498.22193789, 4.05
2499.2213521, 4.05
2500.22494292, 4.05
2501.22817206, 4.06
2502.22768092, 4.04
2503.23114204, 4.07
2504.23457408, 4.12
2505.23794103, 4.06
2506.23748493, 4.07
2507.24093008, 4.09
2508.24429488, 4.07
2509.24387193, 4.07
2510.24717808, 4.03
2511.25078511, 4.05
2512.25011492, 4.08
2513.25355911, 4.08
2514.25697494, 4.09
2515.2605269, 4.08
2516.2599771, 4.08
2517.26337504, 4.05
2518.26677799, 4.05
2519.26638889, 4.10
2520.269701, 4.10
2521.27312899, 4.06
2522.27663803, 4.05
2523.27610493, 4.06
2524.27942395, 4.06
2525.28292894, 4.09
2526.28238702, 4.10
2527.28578401, 4.08
2528.28922796, 4.07
2529.29279208, 4.04
2530.29214191, 4.04
2531.29557395, 4.10
2532.29910707, 4.08
2533.2985189, 4.07
2534.301934, 4.06
2535.30537891, 4.07
2536.30885696, 4.08
2537.30819392, 4.08
2538.31159091, 4.07
2539.31526899, 4.05
2540.31444693, 4.06
2541.31792212, 4.07
2542.32153392, 4.04
2543.32487893, 4.06
2544.32435703, 4.04
2545.32788491, 4.07
2546.33123589, 4.06
2547.33066893, 4.06
2548.33427811, 4.05
2549.33751988, 4.03
2550.34110498, 4.05
2551.34035611, 4.03
2552.34385204, 4.06
2553.34736204, 4.08
2554.34675503, 4.05
2555.35035801, 4.09
2556.35366106, 4.05
2557.35717201, 4.07
2558.3565321, 4.04
2559.36001992, 4.05
2560.36347198, 4.05
2561.36301088, 4.04
2562.36639404, 4.05
2563.36971307, 4.05
2564.3731451, 4.07
2565.37268901, 4.07
2566.37622094, 4.08
2567.37957311, 4.05
2568.37897992, 4.06
2569.38245296, 4.10
2570.38587499, 4.07
2571.3893609, 4.04
2572.38868999, 4.06
2573.39214802, 4.04
2574.39557791, 4.05
2575.39503503, 4.10
2576.39857101, 4.05
2577.4020431, 4.05
2578.40550303, 4.05
2579.40485907, 4.07
2580.40833211, 4.12
2581.41167212, 4.03
2582.41116405, 4.03
2583.41470909, 4.08
2584.41799307, 4.06
2585.4215939, 4.05
2586.42089105, 4.05
2587.42442703, 4.06
2588.42785096, 4.05
2589.42728806, 4.03
2590.43067408, 4.05
2591.43410993, 4.12
2592.43763804, 4.04
2593.43708706, 4.07
2594.44054699, 4.05
2595.44398904, 4.07
2596.44340491, 4.06
2597.44688797, 4.04
2598.45029807, 4.06
2599.45366693, 4.09
2600.45319796, 4.04
2601.45666695, 4.07
2602.46008396, 4.07
2603.45948911, 4.04
2604.46291804, 4.05
2605.46636701, 4.05
2606.46979308, 4.06
2607.46928596, 4.07
2608.47267509, 4.03
2609.47616506, 4.06
2610.4756999, 4.03
2611.47909594, 4.07
2612.48261404, 4.04
2613.4859581, 4.02
2614.48539901, 4.06
2615.48894405, 4.06
2616.49228811, 4.04
2617.49170589, 4.03
2618.49523711, 4.06
2619.4986999, 4.01
2620.50194597, 4.04
2621.5014441, 4.04
2622.50496101, 4.02
2623.50830007, 4.06
2624.50774193, 4.04
2625.51133299, 4.06
2626.51469302, 4.05
2627.51819897, 4.05
2628.51761103, 4.07
2629.52107191, 4.04
2630.52452588, 4.04
2631.52381396, 4.04
2632.52740693, 4.04
2633.53087592, 4.02
2634.53418398, 4.04
2635.53370595, 4.03
2636.53710008, 4.05
2637.54061198, 4.07
2638.53996396, 4.06
2639.54355001, 4.07
2640.54695797, 4.04
2641.55042601, 4.03
2642.54982591, 4.05
2643.553231, 4.03
2644.55668998, 4.05
2645.55613303, 4.06
2646.55960393, 4.06
2647.56312108, 4.04
2648.56648803, 4.09
2649.56590605, 4.03
2650.56942201, 4.05
2651.57282591, 4.04
2652.57223892, 4.02
2653.57563996, 4.03
2654.57919693, 4.05
2655.58263302, 4.05
2656.58206797, 4.02
2657.58543396, 4.02
2658.58889294, 4.02
2659.5884099, 4.03
2660.59168005, 4.02
2661.59522796, 4.03
2662.59868908, 4.00
2663.59804893, 4.02
2664.60146809, 4.05
2665.60505295, 4.08
2666.60448289, 4.03
2667.6079011, 4.04
2668.61138511, 4.06
2669.61480093, 4.03
2670.6141789, 4.06
2671.61771989, 4.02
2672.62123299, 4.03
2673.62061596, 4.03
2674.62388992, 4.01
2675.62747192, 4.03
2676.63095689, 4.05
2677.63032699, 4.04
2678.63386488, 4.01
2679.63718009, 4.02
2680.63671994, 4.04
2681.64014888, 4.03
2682.64347601, 4.05
2683.64698911, 4.02
2684.64636588, 4.05
2685.6498549, 4.12
2686.65321898, 4.01
2687.65267706, 4.06
2688.6561861, 4.01
2689.65965009, 4.05
2690.66315007, 4.01
2691.6624279, 4.04
2692.66596508, 4.01
2693.66950202, 4.04
2694.66891289, 4.03
2695.67230797, 4.04
2696.67577505, 4.02
2697.67919898, 4.00
2698.67866898, 4.04
2699.68221998, 4.02
2700.68558598, 4.03
2701.68492794, 4.01
2702.68846488, 4.01
2703.69189596, 4.01
2704.69525003, 4.04
2705.69487, 4.05
2706.69826007, 4.03
2707.70163894, 4.04
2708.70103693, 4.03
2709.70454788, 4.00
2710.70799899, 4.04
2711.71143699, 4.03
2712.71082401, 4.05
2713.71447611, 4.02
2714.71767211, 4.00
2715.71703196, 4.03
2716.72057891, 4.02
2717.72398996, 4.02
2718.72757411, 4.00
2719.72689009, 4.07
2720.73028898, 4.04
2721.73387694, 4.02
2722.73720002, 4.03
2723.7367661, 4.05
2724.74021006, 4.03
2725.74353909, 4.00
2726.7431581, 4.03
2727.74641109, 4.02
2728.75021505, 4.08
2729.75334597, 4.03
2730.75274992, 4.03
2731.75636292, 4.02
2732.75970888, 4.03
2733.75920296, 4.03
2734.762537, 4.00
2735.76599598, 4.00
2736.76951098, 4.01
2737.7688899, 4.03
2738.77239203, 3.99
2739.77586293, 4.01
2740.77528596, 3.98
2741.778754, 3.99
2742.78217292, 4.02
2743.7856369, 4.06
2744.78498411, 4.00
2745.78845191, 4.01
2746.7918961, 4.03
2747.79142094, 4.00
2748.79485011, 3.99
2749.79818201, 4.01
2750.8016181, 4.02
2751.80106997, 4.00
2752.80460596, 4.01
2753.80793905, 4.02
2754.80738211, 4.01
2755.81089592, 4.03
2756.81427002, 4.05
2757.81776595, 4.06
2758.81720209, 4.03
2759.82080007, 4.02
2760.82422209, 4.01
2761.82769299, 4.05
2762.82706189, 4.00
2763.83039498, 4.03
2764.83398294, 3.99
2765.83329892, 4.03
2766.83676696, 4.01
2767.84029889, 4.01
2768.8437531, 4.02
2769.84307909, 4.00
2770.84650803, 4.00
2771.8499279, 4.03
2772.84953403, 4.03
2773.85296202, 4.01
2774.85641503, 3.98
2775.85983992, 3.99
2776.85931897, 4.03
2777.86272693, 4.01
2778.86623001, 4.01
2779.86556602, 4.02
2780.86897993, 4.02
2781.87249303, 4.00
2782.87586808, 3.99
2783.87538695, 4.00
2784.87887192, 3.98
2785.88235688, 4.02
2786.88164592, 4.03
2787.88516808, 4.00
2788.88853002, 4.03
2789.89201093, 4.04
2790.89148092, 4.00
2791.89495492, 3.99
2792.89826798, 4.01
2793.90172601, 4.01
2794.90116596, 3.99
2795.90465689, 4.05
2796.90805697, 4.01
2797.90752411, 4.05
2798.91095901, 3.99
2799.91454697, 4.00
2800.91791797, 4.02
2801.91739798, 4.04
2802.92086911, 4.00
2803.9241631, 4.02
2804.92377901, 4.00
2805.92720795, 3.98
2806.93062711, 3.98
2807.9339211, 3.97
2808.93336511, 4.00
2809.93689799, 4.02
2810.94040799, 4.03
2811.93992496, 4.05
2812.94319201, 4.04
2813.94659901, 3.98
2814.95004892, 3.99
2815.94957089, 3.99
2816.95298505, 4.02
2817.95648289, 3.98
2818.95997, 3.99
2819.95936489, 4.02
2820.9628861, 4.00
2821.96620798, 4.02
2822.96570992, 4.01
2823.96912909, 4.00
2824.97251105, 4.02
2825.97597408, 3.97
2826.97544909, 4.01
2827.97891212, 4.02
2828.98238206, 3.98
2829.98187304, 4.02
2830.9850769, 3.97
2831.98862004, 3.99
2832.992028, 4.04
2833.99150109, 3.98
2834.99497008, 4.03
2835.99846911, 3.97
2837.0019989, 4.03
2838.0014019, 3.97
2839.00471497, 4.00
2840.00825095, 3.99
2841.00762701, 3.97
2842.0110321, 3.99
2843.01445794, 4.00
2844.01807904, 3.99
2845.01757193, 4.01
2846.02093005, 3.97
2847.0244391, 3.98
2848.02369595, 4.03
2849.02721691, 4.02
2850.03073192, 3.98
2851.03408408, 3.98
2852.03365111, 4.02
2853.03701091, 4.01
2854.04050493, 3.97
2855.04397297, 4.00
2856.04326391, 3.97
2857.04668593, 3.99
2858.05012798, 4.02
2859.04955101, 3.98
2860.05302405, 4.01
2861.05661988, 3.97
2862.06003404, 4.01
2863.0594871, 3.99
2864.0629971, 3.98
2865.06634688, 3.99
2866.06565905, 3.98
2867.06914997, 4.00
2868.07272601, 3.97
2869.07619309, 3.96
2870.07548189, 4.00
2871.07893896, 4.00
2872.08253193, 3.98
2873.08596706, 4.00
2874.08548999, 3.97
2875.08879209, 4.00
2876.09219694, 3.98
2877.09156489, 3.96
2878.09521508, 3.97
2879.09861588, 3.97
2880.10202789, 3.98
2881.10134792, 3.97
2882.10491204, 3.96
2883.10837603, 3.98
2884.10780811, 4.02
2885.111166, 3.98
2886.11459804, 4.04
2887.11812305, 3.99
2888.11748505, 3.98
2889.12101197, 4.01
2890.12448692, 3.97
2891.12790489, 4.01
2892.12724209, 3.98
2893.13078403, 4.01
2894.13411903, 3.96
2895.13366389, 4.00
2896.13718009, 4.00
2897.14053988, 3.97
2898.14402103, 4.00
2899.14335299, 4.00
2900.14695311, 3.97
2901.15025401, 3.97
2902.14967489, 3.98
2903.15327597, 4.01
2904.15657496, 3.98
2905.16022205, 3.96
2906.15948796, 3.96
2907.16303611, 3.98
2908.16647291, 3.99
2909.1658721, 3.98
2910.16927195, 3.98
2911.17276311, 3.95
2912.17622399, 3.97
2913.17555499, 3.97
2914.17903709, 4.00
2915.18263102, 3.99
2916.185884, 4.00
2917.18548989, 3.97
2918.18898296, 3.97
2919.19221306, 3.98
2920.19177699, 4.03
2921.19527698, 4.06
2922.19868803, 3.97
2923.20207596, 3.97
2924.20148802, 3.97
2925.20491099, 3.98
2926.20833302, 3.96
2927.20775104, 3.96
2928.21130395, 3.97
2929.21483302, 4.00
2930.21813011, 3.94
2931.21764588, 3.96
2932.22122192, 3.99
2933.22465992, 3.96
2934.22809291, 3.95
2935.22742701, 4.02
2936.23096895, 3.97
2937.23439097, 3.96
2938.23373389, 3.98
2939.23723602, 3.97
2940.24069309, 3.97
2941.24412203, 3.94
2942.2435379, 3.96
2943.24701309, 3.98
2944.250494, 3.94
2945.24978304, 3.96
2946.25331306, 3.97
2947.25666809, 3.95
2948.26028895, 3.96
2949.25965095, 3.97
2950.26303196, 3.96
2951.26662588, 3.96
2952.26998806, 3.97
2953.26933408, 3.97
2954.27289891, 3.92
2955.27631402, 3.94
2956.27567697, 3.95
2957.27924609, 4.01
2958.28252912, 4.01
2959.28612494, 3.97
2960.28544497, 3.95
2961.28892899, 3.94
2962.29249907, 3.97
2963.29199004, 3.94
2964.29530001, 3.95
2965.29876208, 3.94
2966.30218101, 3.95
2967.30157304, 3.95
2968.30511808, 3.93
2969.30856109, 3.97
2970.31203198, 3.95
2971.31135011, 3.95
2972.31473804, 3.93
2973.31832099, 3.99
2974.31778407, 3.96
2975.32111192, 3.98
2976.324579, 3.96
2977.32815909, 3.99
2978.3275609, 3.93
2979.33103108, 3.97
2980.33443093, 3.94
2981.33376908, 3.96
2982.33720207, 3.99
2983.34070301, 3.95
2984.34409189, 3.96
2985.3436079, 3.94
2986.34698606, 3.95
2987.35058308, 3.95
2988.35395002, 3.94
2989.35353088, 3.98
2990.35688496, 3.95
2991.36025691, 3.95
2992.35987806, 3.93
2993.36318398, 3.96
2994.36676002, 3.95
2995.37002397, 3.96
2996.36941695, 3.94
2997.3728919, 3.94
2998.3763721, 3.95
2999.37583804, 3.95
3000.379179, 3.93
3001.38262701, 3.96
3002.38628197, 3.95
3003.38565803, 3.96
3004.38905907, 3.96
3005.39253497, 3.94
3006.39595008, 3.94
3007.395329, 3.96
3008.39882398, 3.94
3009.40231299, 3.94
3010.4016099, 3.93
3011.40513492, 3.95
3012.408535, 3.95
3013.41213608, 3.97
3014.41154003, 3.97
3015.41509509, 3.94
3016.41855192, 3.96
3017.41782188, 3.99
3018.42127705, 3.96
3019.42467999, 3.95
3020.42811489, 3.92
3021.42762399, 3.94
3022.43115306, 3.93
3023.43457007, 3.97
3024.43806505, 3.94
3025.43754005, 3.91
3026.44079709, 3.94
3027.44428205, 3.93
3028.443681, 3.92
3029.4470799, 3.91
3030.45061207, 3.93
3031.454211, 3.94
3032.45358801, 3.93
3033.45690799, 3.91
3034.460392, 3.94
3035.45979095, 3.95
3036.46320891, 3.94
3037.4668889, 3.91
3038.47013402, 3.94
3039.46975493, 3.92
3040.47299504, 3.93
3041.47659993, 3.91
3042.47989893, 3.91
3043.4793129, 3.92
3044.482862, 3.93
3045.48638201, 3.92
3046.48564696, 3.96
3047.48916793, 3.95
3048.4926219, 3.93
3049.49596405, 3.97
3050.49548292, 3.90
3051.49907708, 3.92
3052.50238991, 3.90
3053.50592303, 3.92
3054.50542688, 3.96
3055.50866199, 3.93
3056.51217794, 3.93
3057.51169491, 3.90
3058.51500988, 3.93
3059.51847601, 3.98
3060.52201009, 3.94
3061.52140093, 3.95
3062.52489805, 3.90
3063.52828288, 3.96
3064.52792001, 3.91
3065.53117108, 3.89
3066.53474188, 3.89
3067.53796601, 3.92
3068.5374949, 3.95
3069.54085708, 3.96
3070.54453397, 3.89
3071.54812288, 3.90
3072.54729891, 3.92
3073.5508399, 3.91
3074.55418396, 3.90
3075.55360007, 3.93
3076.55704904, 3.94
3077.56059694, 3.91
3078.56400108, 3.91
3079.56347895, 3.91
3080.56679893, 3.91
3081.57040691, 3.89
3082.56990695, 3.92
3083.57314491, 3.91
3084.57681203, 3.89
3085.58017206, 3.90
3086.57958794, 3.93
3087.58298492, 3.93
3088.58640003, 3.91
3089.58985901, 3.93
3090.58916402, 3.92
3091.59275007, 3.92
3092.59624791, 3.90
3093.59561896, 3.89
3094.59909606, 3.91
3095.60246992, 3.95
3096.60590792, 3.88
3097.60533309, 3.92
3098.60887694, 3.92
3099.61230993, 3.89
3100.6116631, 3.90
3101.61521006, 3.89
3102.61870599, 3.91
3103.62221193, 3.91
3104.62147808, 3.90
3105.62487602, 3.87
3106.62831306, 3.90
3107.63176894, 3.89
3108.63120508, 3.90
3109.63468909, 3.88
3110.63809204, 3.90
3111.63769507, 3.89
3112.641186, 3.96
3113.64447498, 3.94
3114.64796495, 3.91
3115.64733791, 3.90
3116.65081096, 3.90
3117.65421605, 3.88
3118.65384293, 3.89
3119.65726495, 3.89
3120.66064191, 3.91
3121.66398811, 3.88
3122.66349292, 3.93
3123.66703105, 3.88
3124.67042994, 3.95
3125.6738019, 3.88
3126.67318392, 3.87
3127.67673802, 3.90
3128.68019795, 3.90
3129.67954707, 3.91
3130.68316507, 3.87
3131.686553, 3.94
3132.69031191, 3.86
3133.68969989, 3.91
3134.69321203, 3.86
3135.69675303, 3.90
3136.69634295, 3.91
3137.69991493, 3.89
3138.70341802, 3.88
3139.70698404, 3.92
3140.70632005, 3.86
3141.71006107, 3.85
3142.71339297, 3.90
3143.71719193, 3.87
3144.71648002, 3.89
3145.71990204, 3.85
3146.7233851, 3.87
3147.72297812, 3.86
3148.72650003, 3.87
3149.72982407, 3.92
3150.73331499, 3.86
3151.73289394, 3.89
3152.73635602, 3.87
3153.73976493, 3.86
3154.7432549, 3.90
3155.74285793, 3.86
3156.74630809, 3.88
3157.74977708, 3.88
3158.74905396, 3.88
3159.75265193, 3.89
3160.75598407, 3.84
3161.75962806, 3.85
3162.75901389, 3.87
3163.76254702, 3.88
3164.76582909, 3.88
3165.76542592, 3.86
3166.76890993, 3.84
3167.772434, 3.88
3168.77575994, 3.88
3169.77516007, 3.85
3170.77866292, 3.86
3171.78218293, 3.95
3172.7856009, 3.88
3173.78510308, 3.84
3174.78850794, 3.86
3175.7918601, 3.87
3176.79138899, 3.85
3177.79486108, 3.87
3178.7983799, 3.91
3179.80183196, 3.86
3180.80127692, 3.84
3181.80457997, 3.85
3182.80803108, 3.82
3183.80778909, 3.85
3184.81094408, 3.86
3185.81458211, 3.89
3186.81794906, 3.86
3187.81732607, 3.88
3188.82090807, 3.86
3189.82451391, 3.84
3190.82766795, 3.83
3191.82724094, 3.86
3192.83066797, 3.87
3193.83409095, 3.83
3194.83352804, 3.86
3195.8368609, 3.86
3196.84038496, 3.89
3197.84376001, 3.85
3198.84322596, 3.82
3199.84682107, 3.82
3200.85007501, 3.84
3201.84970593, 3.85
3202.8530829, 3.84
3203.85667801, 3.83
3204.85988188, 3.84
3205.85937691, 3.82
3206.86277008, 3.87
3207.86631489, 3.84
3208.86979795, 3.82
3209.86936498, 3.84
3210.87256694, 3.82
3211.87603593, 3.86
3212.87539911, 3.82
3213.87911105, 3.86
3214.88238692, 3.84
3215.88593507, 3.84
3216.88534307, 3.81
3217.88875604, 3.81
3218.89213395, 3.79
3219.89553308, 3.80
3220.89521503, 3.82
3221.89849496, 3.82
3222.90200305, 3.83
3223.90146208, 3.82
3224.90485692, 3.80
3225.9083221, 3.83
3226.91175508, 3.82
3227.91131592, 3.84
3228.91468406, 3.80
3229.91804099, 3.85
3230.91763496, 3.80
3231.92100191, 3.79
3232.92437506, 3.79
3233.927917, 3.82
3234.92736506, 3.84
3235.93072891, 3.80
3236.93411398, 3.81
3237.93764901, 3.78
3238.93701196, 3.80
3239.9405961, 3.79
3240.94415998, 3.77
3241.94331098, 3.77
3242.94682407, 3.79
3243.95033288, 3.82
3244.9537189, 3.77
3245.95313597, 3.82
3246.95668006, 3.78
3247.96012902, 3.78
3248.95953488, 3.79
3249.96308088, 3.77
3250.96651888, 3.77
3251.96994901, 3.70
3252.96929908, 3.72
3253.97271299, 3.72
3254.97620988, 3.74
3255.97965503, 3.73
3256.97905207, 3.77
3257.98248291, 3.74
3258.98595691, 3.74
3259.98535705, 3.72
3260.98884511, 3.71
3261.99227309, 3.71
3262.99580097, 3.71
3263.99522495, 3.73
3264.99872303, 3.69
3266.00231194, 3.70
3267.00554895, 3.74
3268.0049541, 3.70
3269.00845003, 3.71
3270.01178503, 3.70
3271.01130891, 3.69
3272.01484299, 3.70
3273.01821089, 3.69
3274.02166295, 3.69
3275.02113199, 3.68
3276.02458906, 3.68
3277.02811503, 3.72
3278.02742791, 3.67
3279.03085208, 3.68
3280.03437209, 3.66
3281.03787589, 3.68
3282.03712988, 3.67
3283.04075503, 3.67
3284.04409504, 3.66
3285.047539, 3.69
3286.04704309, 3.65
3287.05054092, 3.65
3288.05386901, 3.64
3289.05339193, 3.65
3290.05684805, 3.63
3291.06028509, 3.63
3292.06371498, 3.63
3293.063169, 3.61
3294.06665397, 3.67
3295.06997991, 3.62
3296.07344508, 3.63
3297.07297802, 3.60
3298.07644391, 3.64
3299.07969093, 3.59
3300.07918692, 3.63
3301.08266211, 3.59
3302.08606911, 3.63
3303.08956504, 3.60
3304.08907604, 3.61
3305.0923779, 3.58
3306.09594607, 3.57
3307.095541, 3.56
3308.09879494, 3.55
3309.10223508, 3.55
3310.10562706, 3.55
3311.105196, 3.55
3312.10860801, 3.53
3313.11194801, 3.54
3314.11558199, 3.53
3315.11498499, 3.54
3316.11851597, 3.51
3317.12187099, 3.52
3318.12136388, 3.50
3319.12476897, 3.53
3320.12808204, 3.49
3321.13162303, 3.49
3322.13112688, 3.47
3323.13444209, 3.51
3324.13794708, 3.46
3325.13727093, 3.45
3326.14074492, 3.44
3327.14432406, 3.45
3328.14769101, 3.46
3329.14717388, 3.43
3330.1506691, 3.44
3331.15412807, 3.47
3332.15752697, 3.45
3333.156991, 3.41
3334.16036391, 3.41
3335.1637249, 3.39
3336.16328692, 3.40
3337.16669989, 3.39
3338.17005992, 3.40
3339.1737299, 3.41
3340.17291498, 3.38
3341.17645311, 3.37
3342.17998791, 3.37
3343.17926598, 3.35
3344.18287301, 3.34
3345.18627095, 3.34
3346.18983006, 3.35
3347.18905497, 3.33
3348.19253707, 3.32
3349.19600797, 3.34
3350.19940996, 3.29
3351.19903111, 3.31
3352.20232511, 3.31
3353.20584297, 3.32
3354.20524788, 3.25
3355.20871902, 3.27
3356.21222711, 3.25
3357.21563292, 3.22
3358.21532297, 3.21
3359.21852899, 3.21
3360.222018, 3.18
3361.2254591, 3.19
3362.22466493, 3.14
3363.22836208, 3.15
3364.23167801, 3.12
3365.23111892, 3.11
3366.23465896, 3.09
3367.23804188, 3.06
3368.24151301, 3.05
3369.24098802, 2.98
3370.24437189, 2.98
3371.24777699, 2.92
3372.247293, 2.89
3373.25071096, 2.79
3374.25417709, 2.70
3375.25765395, 2.37
3376.25699496, 2.88
3377.26056099, 3.12
3378.264009, 3.24
3379.26738691, 3.07
3380.26685596, 2.57
3381.2703011, 2.80
3382.2737329, 3.04
3383.27312207, 3.13
